Red-Dog-Dock-AK,9491094,RDDA2,67.56,-164.15,6.25,6.08,5.64,5.2,1,1,P,0,9,0,B
Ketchikan-AK,9450460,KECA2,55.33,-131.63,25.91,21.64,14.26,6.19,1,1,P,0,9,0,C
St.-Michael-Norton-Sound-AK,9468132,ZZZZZ,63.48,-162.04,5.71,3.9,1.95,0,0,1,P,0,9,0,B
Clarks-Point-Nushagak-Bay-AK,9465261,ZZZZZ,58.85,-158.55,30.12,26.75,17.05,6.08,0,1,P,0,9,0,B
Village-Cove-AK,9464212,VCVA2,57.13,-170.29,5.35,4.56,3.22,1.26,1,1,P,0,9,0,B
Seldovia-AK,9455500,OVIA2,59.44,-151.72,29.85,24.82,16.3,6.78,1,1,P,0,9,0,C
Cordova-AK,9454050,CRVA2,60.56,-145.75,22.44,18.88,13.03,6.29,1,1,P,0,9,0,C
Atka-AK,9461710,ATKA2,52.23,-174.17,31.83,30.35,28.91,26.97,1,1,P,0,9,0,B
Unalaska-AK,9462620,UNLA2,53.95,-166.48,7.82,6.2,4.68,2.6,1,1,P,0,9,0,B
Alitak-AK,9457804,ALIA2,56.9,-154.25,20.77,17.24,11.71,5.57,1,1,P,0,9,0,C
Kotzebue-AK,9490424,ZZZZZ,66.92,-162.6,4.33,4.12,3.75,3.41,0,1,P,0,9,0,B
Port-Alexander-AK,9451054,PLXA2,56.41,-134.45,17.78,14.68,9.48,3.75,1,1,P,0,9,0,C
Yakutat-AK,9453220,YATA2,59.55,-139.74,14.26,11.27,6.49,1.19,1,1,P,0,9,0,C
King-Cove-AK,9459881,KGCA2,55.06,-162.33,13.04,10.85,7.71,4.02,0,1,P,0,9,0,C
Adak-Island-AK,9461380,ADKA2,51.86,-176.63,8.55,6.67,5.09,2.96,1,1,P,0,9,0,B
Nikiski-AK,9455760,NKTA2,60.68,-151.4,32.21,27.18,17.89,6.6,1,1,P,0,9,0,C
Cape-Romanzof-AK,ber0007,ZZZZZ,61.82,-166.08,8.01,6.52,3.26,0.03,0,1,S,9465261,9,0,B
Kwikluak-Pass-Yukon-River-AK,ber0006,ZZZZZ,62.62,-164.85,1.94,1.58,0.7,0,0,1,S,9465261,9,0,B
Kawanak-Pass-Ent-Yukon-R-AK,ber0005,ZZZZZ,63.05,-164.69,2.43,1.98,0.97,0.01,0,1,S,9465261,9,0,B
Apoon-Mouth-Yukon-River-AK,ber0004,ZZZZZ,63.06,-163.32,5.71,3.92,1.95,0.32,0,1,S,9468132,9,0,B
Carolyn-Is-Golovnin-Bay-AK,ber0003,ZZZZZ,64.45,-162.87,2.63,1.8,0.9,0.14,0,1,S,9468132,9,0,B
Port-Clarence-AK,ber0002,ZZZZZ,65.25,-166.57,11.5,8.74,4.5,-0.06,0,1,S,9457292,9,0,B
Point-Barrow-AK,ber0001,ZZZZZ,71.37,-156.37,0.46,0.35,0.18,0,0,1,S,9457292,9,0,B
Apokak-Creek-Ent-AK,9466079,ZZZZZ,60.14,-162.16,13.59,11.07,4.67,0.02,0,1,S,9465396,9,0,B
St-Lrnce-Niyrakpak-Lagn-Ent-AK,ber0008,ZZZZZ,63.62,-171.38,1.46,1.19,0.62,0.01,0,1,S,9465261,9,0,B
Elfin-Cove-AK,9452634,ELFA2,58.19,-136.34,23.28,20.47,15.19,9.45,1,1,P,0,9,0,C
Valdez-AK,9454240,VDZA2,61,-146.76,22.38,18.89,13.24,6.75,1,1,P,0,9,0,C
Skagway-AK,9452400,SKTA2,59.45,-135.33,23.03,18.71,10.81,1.98,1,1,P,0,9,0,C
Seward-AK,9455090,SWLA2,60.12,-149.43,20.07,16.77,11.7,6.14,1,1,P,0,9,0,C
Kodiak-Island-AK,9457292,KDAA2,57.73,-152.51,36.74,34.04,29.77,25.27,1,1,P,0,9,0,C
Naknek-River-Ent-#13-AK,ber0014,ZZZZZ,58.71,-157.23,28.16,22.91,11.13,0.08,0,1,S,9465261,9,0,B
Egegik-River-Ent-AK,ber0015,ZZZZZ,58.21,-157.62,22.33,18.17,9.52,0.09,0,1,S,9465261,9,0,C
Port-Heiden-AK,ber0016,ZZZZZ,56.93,-158.73,15.05,12.27,7.73,0.11,0,1,S,9465261,9,0,C
Popokamute-AK,ber0010,ZZZZZ,60.07,-162.25,11.89,9.68,4.16,0.02,0,1,S,9465261,9,0,B
Kuskokwak-Creek-Ent-AK,ber0011,ZZZZZ,60.03,-162.17,13.83,11.27,4.74,0.02,0,1,S,9465261,9,0,B
Eek-Channel-off-Quinhagak-AK,ber0012,ZZZZZ,59.75,-162.25,13.84,11.28,4.74,0.02,0,1,S,9465261,9,0,B
Goodnews-Bay-Ent-AK,ber0013,ZZZZZ,59.05,-161.82,9.22,7.52,3.5,0.02,0,1,S,9465261,9,0,B
Port-Moller-AK,9463502,PMOA2,55.96,-160.61,41.83,39.6,35.02,29.19,0,1,P,0,9,0,B
Sitka-AK,9451600,ITKA2,56.9,-135.7,17.3,14.46,9.81,4.52,1,1,P,0,9,0,C
Prudhoe-Bay-AK,9497645,PRDA2,70.42,-148.4,37.34,36.54,36.18,35.84,1,1,P,0,9,0,B
Nikolski-AK,9462450,OLSA2,52.95,-168.9,9.26,8.07,6.36,4.09,1,1,P,0,9,0,B
Anchorage-AK,9455920,ANTA2,61.24,-149.89,40.93,35.43,22.74,6.27,1,1,P,0,9,0,C
Juneau-AK,9452210,JNEA2,58.3,-134.41,23.8,19.45,11.73,3.15,1,1,P,0,9,0,C
Nome-Norton-Sound-AK,9468756,NMTA2,64.5,-165.43,5.37,5.24,4.54,3.72,1,1,P,0,9,0,B
Sand-Point-AK,9459450,SNDA2,55.34,-160.5,40.03,37.75,34.39,30.52,1,1,P,0,9,0,C
Kivalina-AK,9491253,ZZZZZ,67.73,-164.59,5.08,4.82,4.36,3.92,0,1,P,0,9,0,B
Shishmaref-Inlet-2-AK,9469854,ZZZZZ,66.26,-166.02,4.88,4.6,4.08,3.57,0,1,P,0,9,0,B
Shaktoolik-AK,9468691,ZZZZZ,64.38,-161.24,26.64,25.83,23.77,22.1,0,1,P,0,9,0,B
Unalakleet-AK,9468333,ULRA2,63.88,-160.79,5.75,4.75,3.03,1.56,1,1,P,0,9,0,B
Craig-AK,9450551,ZZZZZ,55.49,-133.14,17.86,15.44,10.61,5.27,0,1,P,0,9,0,C
Kaktovik-AK,9499176,ZZZZZ,70.13,-143.61,2.84,2.68,2.35,2.07,0,1,P,0,9,0,B
Point-Hope-AK,9491873,ZZZZZ,68.34,-166.81,3.06,2.91,2.57,2.24,0,1,P,0,9,0,B
Cape-Krusenstern-AK,9490571,ZZZZZ,67.05,-163.32,40.83,40.69,40.27,40.04,0,1,P,0,9,0,B
Cape-Espenberg-AK,9490096,ZZZZZ,66.58,-164.25,1.22,0.99,0.53,0,0,1,P,0,9,0,B
Goodhope-Bay-AK,9469833,ZZZZZ,66.23,-163.9,2.19,1.69,0.88,0,0,1,P,0,9,0,B
Deering-AK,9469751,ZZZZZ,66.1,-162.74,2.22,1.82,0.95,0,0,1,P,0,9,0,B
Wales-AK,9469515,ZZZZZ,65.73,-168.03,1.18,0.97,0.48,0,0,1,P,0,9,0,B
Tin-City-AK,9469439,ZZZZZ,65.56,-167.97,1.18,1.02,0.47,0,0,1,P,0,9,0,B
Lost-River-AK,9469338,ZZZZZ,65.39,-167.15,1.33,1.09,0.52,0,0,1,P,0,9,0,B
Point-Spencer-Point-Clarence-AK,9469237,ZZZZZ,65.26,-166.85,1.56,1.28,0.73,0,0,1,P,0,9,0,B
Savoonga-AK,9468258,ZZZZZ,63.68,-170.54,3.12,2.56,1.28,0,0,1,P,0,9,0,B
Northeast-Cape-St.-Lawrence-Island-AK,9468039,ZZZZZ,63.32,-168.97,2.99,2.46,1.25,0,0,1,P,0,9,0,B
Nunam-Iqua-AK,9467551,ZZZZZ,62.53,-164.85,3.22,2.64,1.05,0,0,1,P,0,9,0,B
Hooper-Bay-AK,9466931,ZZZZZ,61.53,-166.15,5.59,4.45,2.05,0,0,1,P,0,9,0,B
Tooksook-Bay-Nelson-Island-AK,9466298,ZZZZZ,60.52,-165.13,11.46,9.71,5.17,0,0,1,P,0,9,0,B
Mekoryuk-AK,9466217,ZZZZZ,60.42,-166.17,9.29,7.63,3.87,0,0,1,P,0,9,0,B
Eastern-Nunivak-Island-AK,9466012,ZZZZZ,60.04,-165.68,8.84,7.26,3.77,0,0,1,P,0,9,0,B
Kinak-Bay-AK,9465953,ZZZZZ,59.95,-164.21,11.43,9.39,4.76,0,0,1,P,0,9,0,B
Quinhagak-AK,9465831,ZZZZZ,59.75,-161.91,15.16,11.93,5.45,0,0,1,P,0,9,0,B
Platinum-AK,9465396,ZZZZZ,59.05,-161.82,11.48,9.43,3.84,0,0,1,P,0,9,0,B
Dillingham-AK,9465374,ZZZZZ,59.04,-158.45,24.24,20.64,10.84,0,0,1,P,0,9,0,B
Protection-Point-Nushagak-Bay-AK,9465056,ZZZZZ,58.5,-158.71,21.59,17.73,9.4,0,0,1,P,0,9,0,B
220-NM-SSE-Dutch-Harbor-AK,ep46402,ZZZZZ,51.07,-164.01,6.4,5.0,2.67,0,0,1,P,0,9,0,C
186-NM-SE-Shumagin-Island-AK,ep46403,ZZZZZ,52.65,-156.94,7.97,6.43,3.42,0,0,1,P,0,9,0,C
212-NM-S-Umnak-Island-AK,ep46408,ZZZZZ,49.63,-169.87,5.31,4.01,2.15,0,0,1,P,0,9,0,C
210-NM-SE-Kodiak-AK,ep46409,ZZZZZ,55.3,-148.5,10.13,8.31,4.4,0,0,1,P,0,9,0,C
188-NM-SSE-Cordova-AK,ep46410,ZZZZZ,57.5,-144,11.29,9.27,4.88,0,0,1,P,0,9,0,C
243-NM-SSE-Adak-Island-AK,ep46413,ZZZZZ,48.86,-175.6,4.5,3.26,1.75,0,0,1,P,0,9,0,C
170-NM-SSE-Amchitka-AK,ep21414,ZZZZZ,48.95,-181.74,4.05,2.88,1.61,0,0,1,P,0,9,0,C
Togiak-Ak,ber0017,ZZZZZ,58.71,-160.19,8.12,6.27,3.42,0,0,1,P,0,9,0,B
Kipnuk-Ak,ber0018,ZZZZZ,59.95,-164.21,8.59,6.71,3.08,0,0,1,P,0,9,0,B
Port-Heiden-AK,ber0019,ZZZZZ,56.93,-158.73,13.71,11.21,6.08,0,0,1,P,0,9,0,B
Gustavus-AK,goa0001,ZZZZZ,58.46,-135.88,12.73,10.34,5.24,0,0,1,P,0,9,0,C
Wrangell-AK,goa0002,ZZZZZ,56.47,-132.39,0,0,0,0,0,0,P,0,9,0,C
Akutan-AK,ber0020,ZZZZZ,54.13,-165.78,5.26,3.95,2.23,0,0,1,P,0,9,0,B
Cape-Lisburne-Ak,ber0021,ZZZZZ,68.88,-166.21,0.51,0.33,0.17,0,0,1,P,0,9,0,B
Cold-Bay-AK,ber0022,ZZZZZ,55.21,-162.72,5.85,4.23,2.21,0,0,1,P,0,9,0,B
Diomede-AK,ber0023,ZZZZZ,65.76,-168.95,0.91,0.75,0.41,0,0,1,P,0,9,0,B
Elim-Ak,ber0024,ZZZZZ,64.62,-162.27,1.31,0.87,0.41,0,0,1,P,0,9,0,B
False-Pass-AK,ber0025,ZZZZZ,54.85,-163.41,5.25,4.05,2.29,0,0,1,P,0,9,0,B
Kongiganak-AK,ber0026,ZZZZZ,59.96,-162.89,6.63,4.74,1.94,0,0,1,P,0,9,0,B
Koyuk-AK,ber0027,ZZZZZ,64.93,-161.16,0.5,0.35,0.17,0,0,1,P,0,9,0,B
Kwigillingok-AK,ber0028,ZZZZZ,59.88,-163.16,7.1,5.1,2.09,0,0,1,P,0,9,0,B
Nelson-Lagoon-AK,ber0029,ZZZZZ,56,-161.2,10.36,8.57,4.86,0,0,1,P,0,9,0,B
Newtok-AK,ber0030,ZZZZZ,60.94,-164.63,0,0,0,0,0,0,P,0,9,0,B
Oliktok-AK,ber0041,ZZZZZ,70.49,-149.88,0.82,0.6,0.31,0,0,1,P,0,9,0,C
Paimiut-AK,ber0031,ZZZZZ,61.69,-165.84,7.33,6.26,3.27,0,0,1,P,0,9,0,B
Pilot-Point-AK,ber0032,ZZZZZ,57.56,-157.57,18.17,14.97,7.97,0,0,1,P,0,9,0,B
Point-Lay-AK,ber0033,ZZZZZ,69.74,-163.01,0.58,0.39,0.2,0,0,1,P,0,9,0,B
Saint-George-AK,ber0034,ZZZZZ,56.6,-169.54,3.92,3.09,1.82,0,0,1,P,0,9,0,B
Scammon-Bay-AK,ber0035,ZZZZZ,61.84,-165.58,5.93,4.8,2.35,0,0,1,P,0,9,0,B
Solomon-AK,ber0036,ZZZZZ,64.56,-164.44,1.71,1.24,0.68,0,0,1,P,0,9,0,B
Stebbins-AK,ber0037,ZZZZZ,63.52,-162.29,2.11,1.48,0.66,0,0,1,P,0,9,0,B
Togiak-AK,ber0038,ZZZZZ,59.06,-160.38,5.9,4.34,2.37,0,0,1,P,0,9,0,B
Tununak-AK,ber0039,ZZZZZ,60.59,-165.25,8.97,7.92,4.19,0,0,1,P,0,9,0,B
Wainwright-AK,ber0040,ZZZZZ,70.64,-160.03,0.46,0.29,0.14,0,0,1,P,0,9,0,B
Chickasaw-Creek-AL,8737138,CIKA1,30.78,-88.07,27.01,26.28,25.45,24.61,1,1,P,0,9,0,G
Weeks-Bay-AL,8732828,WBYA1,30.42,-87.83,32.44,31.84,31.03,30.23,1,1,P,0,9,0,G
East-Fowl-River-Bridge-AL,8735523,EFRA1,30.44,-88.11,15.8,14.96,14.23,13.51,1,1,P,0,9,0,G
Mobile-State-Docks-AL,8737048,OBLA1,30.71,-88.04,3.84,3.13,2.3,1.48,1,1,P,0,9,0,G
Coast-Guard-Sector-Mobile-AL,8736897,MCGA1,30.65,-88.06,30.89,30.33,29.48,28.63,1,1,P,0,9,0,G
Bayou-La-Batre-Bridge-AL,8739803,BLBA1,30.41,-88.25,29.33,28.41,27.58,26.8,1,1,P,0,9,0,G
West-Fowl-River-Bridge-AL,8738043,WFRA1,30.38,-88.16,21.95,21.16,20.32,19.47,1,1,P,0,9,0,G
Dauphin-Island-AL,8735180,DILA1,30.25,-88.08,4.91,4.08,3.44,2.88,1,1,P,0,9,0,G
Dog-River-Bridge-AL,8735391,BYSA1,30.57,-88.09,31.42,30.58,29.75,28.94,1,1,P,0,9,0,G
Pillar-Point-Harbor-CA,9414131,ZZZZZ,37.5,-122.48,7.32,5.64,3.03,0.04,0,1,P,0,9,0,P
Port-San-Luis-CA,9412110,PSLC1,35.18,-120.76,11.35,9.58,7.05,4.25,1,1,P,0,9,0,P
Mare-Is-Naval-Shipyard-CA,9415218,ZZZZZ,38.07,-122.25,10.02,8.68,6,2.93,0,1,P,0,9,0,P
Santa-Barbara-CA,9411340,NTBC1,34.41,-119.69,10.39,8.56,5.95,3.16,1,1,P,0,9,0,P
San-Francisco-CA,9414290,FTPC1,37.81,-122.47,13.24,11.82,9.1,5.98,1,1,P,0,9,0,P
Martinez-amorco-Pier-CA,9415102,MZXC1,38.03,-122.13,41.54,40.46,37.96,35.1,1,1,P,0,9,0,P
Arena-Cove-CA,9416841,ANVC1,38.91,-123.71,36.59,34.81,32.08,28.94,1,1,P,0,9,0,P
Monterey-CA,9413450,MTYC1,36.6,-121.89,10.42,8.72,6.21,3.38,0,1,P,0,9,0,P
North-Spit-CA,9418767,HBYC1,40.77,-124.22,23.41,21.4,18.25,14.55,1,1,P,0,9,0,P
Noyo-Harbor-CA,9417426,ZZZZZ,39.42,-123.81,7.84,5.93,3.11,-0.17,0,1,P,0,9,0,P
Point-Reyes-CA,9415020,PRYC1,38,-122.97,11.41,9.72,7.06,3.96,1,1,P,0,9,0,P
Richmond-CA,9414863,RCMC1,37.93,-122.4,19.16,17.63,14.83,11.57,1,1,P,0,9,0,P
Oakland-Inner-Harbor-CA,9414764,ZZZZZ,37.8,-122.28,12.25,10.79,7.74,4.42,0,1,P,0,9,0,P
Crescent-City-CA,9419750,CECC1,41.74,-124.18,12.56,10.56,7.39,3.69,1,1,P,0,9,0,P
Los-Angeles-CA,9410660,OHBC1,33.72,-118.27,11.17,9.32,6.65,3.83,1,1,P,0,9,0,P
Oil-Platform-Harvest-CA,9411406,HRVC1,34.47,-120.67,51.98,50.07,47.55,44.83,1,1,P,0,9,0,P
Alameda-CA,9414750,AAMC1,37.77,-122.3,11.31,9.93,6.78,3.33,1,1,P,0,9,0,P
Redwood-City-CA,9414523,RTYC1,37.51,-122.21,16.38,14.93,11.13,6.73,1,1,P,0,9,0,P
Dumbarton-Bridge-San-Fansisco-Bay-CA,9414509,ZZZZZ,37.51,-122.11,22.17,20.61,16.68,12,0,1,P,0,9,0,P
Coyote-Creek-CA,9414575,RYAC1,37.47,-122.02,11.41,8.58,4.6,-0.27,0,1,P,0,9,0,P
San-Diego-CA,9410170,SDBC1,32.71,-117.17,11.51,9.51,6.73,3.79,1,1,P,0,9,0,P
La-Jolla-CA,9410230,LJAC1,32.87,-117.26,11.51,9.7,7.1,4.37,1,1,P,0,9,0,P
Port-Chicago-CA,9415144,PCOC1,38.06,-122.04,10.15,8.9,6.55,3.99,1,1,P,0,9,0,P
Santa-Monica-CA,9410840,ICAC1,34.01,-118.5,9.71,7.87,5.23,2.44,1,1,P,0,9,0,P
Angels-Gate-CA,9410647,ZZZZZ,33.72,-118.25,7.07,5.44,2.78,0,0,1,P,0,9,0,P
Los-Angeles-Pier-J-CA,9410665,ZZZZZ,33.73,-118.19,7.07,5.44,2.78,0,0,1,P,0,9,0,P
Los-Angeles-Pier-400-CA,9410666,ZZZZZ,33.74,-118.24,7.07,5.44,2.78,0,0,1,P,0,9,0,P
Gaviota-State-Park-Pacific-Ocean-CA,9411399,ZZZZZ,34.47,-120.23,50.74,48.89,46.35,43.6,0,1,P,0,9,0,P
Mansfield-Cone-CA,9412802,ZZZZZ,35.95,-121.48,32.24,30.59,28.09,25.35,0,1,P,0,9,0,P
Pier1-San-Francisco-CA,9414311,ZZZZZ,37.8,-122.39,7.47,6.03,3.25,0,0,1,P,0,9,0,P
Oakland-Middle-Harbor-CA,9414769,ZZZZZ,37.8,-122.33,7.47,6.03,3.25,0,0,1,P,0,9,0,P
Oakland-Berth34-San-Francisco-Bay-CA,9414776,ZZZZZ,37.81,-122.33,7.47,6.03,3.25,0,0,1,P,0,9,0,P
Point-Potrero-Richmond-CA,9414847,ZZZZZ,37.91,-122.36,7.47,6.03,3.25,0,0,1,P,0,9,0,P
Bolinas-Bolinas-Lagoon-CA,9414958,ZZZZZ,37.91,-122.68,7.8,6.63,4.55,2.23,0,1,P,0,9,0,P
Point-Pinole-CA,9415056,ZZZZZ,38.02,-122.36,15.68,14.22,11.3,7.98,0,1,P,0,9,0,P
Davis-Point-San-Pablo-Bay-CA,9415141,ZZZZZ,38.06,-122.26,0,0,0,0,0,0,P,0,9,0,P
Sonoma-Creek-Entrance-CA,9415338,ZZZZZ,38.16,-122.41,7.78,6.5,3.78,1.07,0,1,P,0,9,0,P
Green-Cove-Pacific-Ocean-CA,9416409,ZZZZZ,38.7,-123.45,21,18.33,15.77,13.1,0,1,P,0,9,0,P
Pyramid-Point-Smith-River-CA,9419945,ZZZZZ,41.95,-124.2,28.84,26.98,23.99,20.57,0,1,P,0,9,0,P
150-NM-W-Mendocino-Bay-CA,ep46411,ZZZZZ,39.34,-127.01,6.84,5.53,2.99,0,0,1,P,0,9,0,P
175-NM-W-San-Diego-CA,ep46412,ZZZZZ,32.25,-120.7,6.24,4.74,2.44,0,0,1,P,0,9,0,P
Shelter-Cove-CA,9418024,ZZZZZ,40.03,-124.06,9,6.14,3.3,0,0,1,P,0,9,0,P
Trinidad-CA,9419059,ZZZZZ,41.06,-124.15,9,6.73,3.61,0,0,1,S,9419750,9,0,P
Arcata-Warf-CA,9418851,ZZZZZ,40.85,-124.12,8.96,6.94,3.75,0,0,1,S,9418767,9,0,P
Bodega-Bay-CA,9415625,ZZZZZ,38.31,-123.06,7.4,5.9,3.18,0,0,1,S,9414290,9,0,P
Santa-Cruz-CA,9413745,ZZZZZ,36.96,-122.02,6.88,5.24,2.81,0,0,1,S,9413450,9,0,P
New-London-CT,8461490,NLNC3,41.35,-72.09,7.4,6.57,5.06,3.52,1,1,P,0,9,0,E
Bridgeport-CT,8467150,BRHC3,41.17,-73.18,10.8,9.3,5.6,1.98,1,1,P,0,9,0,E
New-Haven-CT,8465705,NWHC3,41.28,-72.91,26.58,25.14,21.75,18.43,1,1,P,0,9,0,E
Stamford-CT,8469198,STDC3,41.04,-73.53,18,14.34,10.42,6.57,1,1,P,0,9,0,E
Clinton-Harbor-CT,8463701,CLIC3,41.27,-72.53,6.25,5.09,2.47,0,0,1,P,0,9,0,E
ESSEX-CT,8462925,ESXC3,41.35,-72.38,4.42,3.42,1.7,0,1,1,S,8461490,9,0,E
Old-Saybrook-CT,8462752,SABC3,41.28,-72.35,4.75,3.68,1.84,0,1,1,S,8461490,9,0,E
Washington-DC,8594900,WASD2,38.87,-77.02,8.36,7.72,6.1,4.55,1,1,P,0,9,0,E
Kenilworth-Aquatic-Garden-DC,8593909,ANAD2,38.91,-76.95,26.5,25.34,23.6,22.03,0,1,S,8594900,9,0,E
Bellevue-DC,8590111,BPPD2,38.83,-77.03,4.19,3.47,1.78,0,0,1,S,8594900,9,0,E
Lewes-DE,8557380,LWSD1,38.78,-75.12,8.6,7.43,5.01,2.78,1,1,P,0,9,0,E
Delaware-City-DE,8551762,DELD1,39.58,-75.59,29,28.4,25.35,22.4,1,1,P,0,9,0,E
Reedy-Point-DE,8551910,RDYD1,39.56,-75.57,8.18,7.19,4.27,1.35,1,1,P,0,9,0,E
Brandywine-Shoal-Light-DE,8555889,BRND1,38.99,-75.11,25.97,24.48,21.6,18.99,1,1,P,0,9,0,E
Murderkill-River-ENTR-DE,8555388,BOWD1,39.06,-75.4,6.52,5.11,2.2,0,1,1,S,8557380,9,0,E
Willlmington-DE,8550714,WIMD1,39.72,-75.52,6.93,5.98,2.99,0,1,1,S,8551910,9,0,E
Indian-River-Inlet-DE,8558690,INRD1,38.61,-75.07,4.0,2.94,1.48,0,1,1,P,0,9,0,E
Saint-Petersburg-FL,8726520,SAPF1,27.76,-82.63,6.49,5.63,4.57,3.37,1,1,P,0,9,0,G
Virginia-Key-FL,8723214,VAKF1,25.73,-80.16,13.28,12.36,11.25,10.14,1,1,P,0,9,0,E
Panama-City-Beach-FL,8729210,PCBF1,30.21,-85.88,29.24,28.4,27.67,27,1,1,P,0,9,0,G
Key-West-FL,8724580,KYWF1,24.56,-81.81,7.21,6.37,5.45,4.56,1,1,P,0,9,0,G
Naples-FL,8725110,NPSF1,26.13,-81.81,5.96,5.01,3.79,2.14,1,1,P,0,9,0,G
Panama-City-FL,8729108,PACF1,30.15,-85.67,5.47,4.68,4.01,3.34,1,1,P,0,9,0,G
Red-Bay-Point-FL,8720503,ZZZZZ,29.98,-81.63,0.58,0.43,-0.04,-0.57,0,1,P,0,9,0,E
Apalachicola-FL,8728690,APCF1,29.73,-84.98,6.37,5.9,5.2,4.29,1,1,P,0,9,0,G
Clearwater-Beach-FL,8726724,CWBF1,27.98,-82.83,5.44,4.49,3.21,1.73,1,1,P,0,9,0,G
Port-Manatee-FL,8726384,PMAF1,27.64,-82.56,3.26,2.39,1.37,0.21,1,1,P,0,9,0,G
Cedar-Key-FL,8727520,CKYF1,29.14,-83.03,6.65,5.6,3.84,1.8,1,1,P,0,9,0,G
Old-Port-Tampa-FL,8726607,OPTF1,27.86,-82.55,31.75,30.74,29.57,28.28,1,1,P,0,9,0,G
Fort-Myers-FL,8725520,FMRF1,26.65,-81.87,6.44,5.68,4.99,4.36,1,1,P,0,9,0,G
Trident-Pier-FL,8721604,TRDF1,28.41,-80.59,23.42,21.89,19.86,17.98,1,1,P,0,9,0,E
Southbank-Riverwalk-FL,8720226,MSBF1,30.32,-81.66,3.02,1.94,1.06,0.0,1,1,P,0,9,0,E
I-295-Bridge-FL,8720357,BKBF1,30.19,-81.69,1.21,0.37,-0.12,-0.65,0,1,P,0,9,0,E
Pensacola-FL,8729840,PCLF1,30.4,-87.21,10.61,9.69,9.05,8.43,1,1,P,0,9,0,G
Vaca-Key-FL,8723970,VCAF1,24.71,-81.11,4.15,3.52,3.05,2.54,1,1,P,0,9,0,G
Port-Everglades-FL,8722956,ZZZZZ,26.08,-80.12,4.00,2.81,1.43,0,0,1,P,0,9,0,E
Lake-Worth-Pier-FL,8722670,LKWF1,26.61,-80.03,34.31,33.05,31.53,29.99,1,1,P,0,9,0,E
Fernandina-FL,8720030,FRDF1,30.67,-81.47,10.06,8.26,4.99,1.7,1,1,P,0,9,0,E
Racy-Point-FL,8720625,RCYF1,29.8,-81.55,1.34,0.63,0.03,-0.63,0,1,P,0,9,0,E
Dames-Point-FL,8720219,DMSF1,30.39,-81.56,8.43,7.47,5.69,3.84,1,1,P,0,9,0,E
Mayport-(Bar-Pilots-Dock)-FL,8720218,MYPF1,30.4,-81.43,15.64,14.02,11.54,9.07,1,1,P,0,9,0,E
Mckay-Bay-Entrance-FL,8726667,MCYF1,27.91,-82.42,3.95,2.94,1.72,0.27,1,1,P,0,9,0,G
FT-Pulaski-GA,8670870,FPKG1,32.03,-80.9,12.82,11,7.32,3.5,1,1,P,0,9,0,E
Meridian-Darien-GA,8675245,MERG1,31.45,-81.37,8.39,6.64,3.2,0,1,1,S,8670870,9,0,E
Sapelo-Island-GA,8675365,SAQG1,31.42,-81.29,8.36,6.62,3.19,0,1,1,S,8670870,9,0,E
Bulk-Terminal-LA,8767961,BKTL1,30.19,-93.3,24.69,24.44,23.85,23.1,1,1,P,0,9,0,G
New-Canal-Station-LA,8761927,NWCL1,30.03,-90.11,4.93,4.84,4.57,4.3,1,1,P,0,9,0,G
Pilots-Station-East-LA,8760922,PSTL1,28.93,-89.41,32.81,32.01,31.43,30.84,1,1,P,0,9,0,G
Pilottown-LA,8760721,PILL1,29.18,-89.26,7.2,6.47,6.04,5.61,1,1,P,0,9,0,G
Berwick-LA,8764044,TESL1,29.67,-91.24,20.32,20.22,19.97,19.67,1,1,P,0,9,0,G
Port-Fourchon-LA,8762075,PTFL1,29.11,-90.2,31.95,31.12,30.54,29.91,1,1,P,0,9,0,G
Freshwater-Canal-Locks-LA,8766072,FRWL1,29.56,-92.31,23.73,23.11,22.19,20.95,1,1,P,0,9,0,G
Shell-Beach-LA,8761305,SHBL1,29.87,-89.67,33.69,32.82,32.1,31.35,1,1,P,0,9,0,G
Lawma-LA,8764227,AMRL1,29.45,-91.34,25.7,25.04,24.28,23.42,1,1,P,0,9,0,G
Eugene-Island-North-of-LA,8764314,EINL1,29.37,-91.38,14.83,14.15,13.31,12.29,1,1,P,0,0,0,G
Calcasieu-Pass-LA,8768094,CAPL1,29.77,-93.34,29.46,28.8,28.06,26.87,1,1,P,0,9,0,G
Grand-Isle-East-PT-LA,8761724,GISL1,29.26,-89.96,8.15,7.41,6.89,6.35,1,1,P,0,9,0,G
Lake-Charles-LA,8767816,LCLL1,30.22,-93.22,28.18,27.8,27.18,26.39,1,1,P,0,9,0,G
Nantucket-Island-MA,8449130,NTKM3,41.28,-70.1,7.41,6.57,4.77,3,1,1,P,0,9,0,E
Chatham-MA,8447435,CHTM3,41.69,-69.95,11.2,9.38,6.64,3.88,0,1,P,0,9,0,E
Buzzards-Bay-MA,8447270,ZZZZZ,41.74,-70.62,6.15,4.66,2.46,0.67,0,1,P,0,9,0,E
Woods-Hole-MA,8447930,BZBM3,41.52,-70.67,5.84,4.82,3.6,2.62,1,1,P,0,9,0,E
Fall-River-MA,8447386,FRVM3,41.7,-71.16,27.16,25.63,23.06,20.85,1,1,P,0,9,0,E
Boston-MA,8443970,BHBM3,42.35,-71.05,15.95,13.8,8.73,3.52,1,1,P,0,9,0,E
Sandwich-MA,8447180,ZZZZZ,41.77,-70.51,15,10,5.25,0.55,0,1,P,0,9,0,E
New-Bedford-Hurricane-Barrier-MA,8447712,NBDM3,41.62,-70.91,8,6.45,4.17,2.49,1,1,P,0,9,0,E
Gloucester-MA,8441841,GLCM3,42.61,-70.66,11.72,9.57,4.77,0,1,1,P,0,9,0,E
Scituate-MA,8445138,SCTM3,42.2,-70.72,11.9,9.75,4.89,0,0,1,P,0,9,0,E
Sesuit-Harbor-MA,8447241,SESM3,41.75,-70.16,18,12.82,7.5,2.36,1,1,P,0,9,0,E
Provincetown-MA,8446121,PVHM3,42.05,-70.19,19,14.1,9,4.02,1,1,P,0,9,0,E
Riverside-Merrimack-MA,8440889,HVRM3,42.76,-71.08,13,9.8,6.48,3.5,1,1,P,0,9,0,E
Amelia-MA,8443662,AMEM3,42.40,-71.08,15,10.33,5.24,0,1,1,P,0,9,0,E
Popponesset-MA,8447742,POPM3,41.6,-70.46,2.99,2.48,1.26,0,1,1,S,8443970,9,0,E
Wings-Neck-MA,est0038,WNGM3,41.74,-70.60,4.58,3.51,1.89,0,0,1,P,0,9,0,E
Solomons-Island-MD,8577330,SLIM2,38.32,-76.45,5.58,5.2,4.48,3.72,1,1,P,0,9,0,E
Cambridge-MD,8571892,CAMM2,38.57,-76.07,4.97,4.5,3.48,2.46,1,1,P,0,9,0,E
Chesapeake-City-MD,8573927,CHCM2,39.53,-75.81,7,6.35,4.7,3.14,1,1,P,0,9,0,E
Ocean-City-Inlet-MD,8570283,OCIM2,38.33,-75.09,11.31,10.5,9.31,8.03,1,1,P,0,9,0,E
Baltimore-MD,8574680,BLTM2,39.27,-76.58,6.38,5.76,4.91,4.1,1,1,P,0,9,0,E
Tolchester-Beach-MD,8573364,TCBM2,39.21,-76.25,5.81,5.14,4.25,3.41,1,1,P,0,9,0,E
Annapolis-MD,8575512,APAM2,38.98,-76.48,6.46,5.95,5.24,4.52,1,1,P,0,9,0,E
Bishops-Head-MD,8571421,BISM2,38.22,-76.04,31.44,30.99,29.95,28.94,1,1,P,0,9,0,E
Havre-de-Grace-MD,8574070,HDGM2,39.54,-76.09,9.47,8.76,7.5,6.32,1,1,P,0,9,0,E
Piney-Point-MD,8578240,PPTM2,38.13,-76.53,2.07,1.62,0.81,0,0,1,S,8594900,9,0,E
Bristol-MD,est0003,BRIM2,38.78,-76.71,2.0,1.64,0.78,0,0,1,P,0,9,0,E
Otter-Point-MD,est0004,LTQM2,39.45,-76.27,1.55,1.32,0.62,0,0,1,P,0,9,0,E
Bowleys-Quarters-MD,est0005,BQTM2,39.31,-76.39,1.38,1.14,0.52,0,0,1,P,0,9,0,E
Chesapeake-Beach-MD,8576363,CHBM2,38.7,-76.53,2.21,1.4,0.69,0,0,1,S,8574680,9,0,E
Point-Lookout-MD,8578002,PLKM2,38.04,-76.32,2.56,1.52,0.78,0,0,1,S,8574680,9,0,E
Colton-Point-MD,8578465,CPTM2,38.22,-76.75,2.63,1.89,0.94,0,0,1,S,8594900,9,0,E
Crisfield-MD,8571091,ZZZZZ,37.98,-75.86,4.0,2.15,1,0,0,1,P,0,9,0,E
Straits-Point-MD,est0037,SGSM2,38.14,-76.50,3.0,1.62,0.81,0,0,1,P,0,9,0,E
Indian-Head-MD,8579381,IHDM2,38.61,-77.19,2.5,2.04,1.01,0,0,1,S,8594900,9,0,E
Cove-Point-MD,8577188,COVM2,38.39,-76.40,3.0,1.38,0.63,0,0,1,P,0,9,0,E
Bladensburg-MD,8579997,BLDM2,38.93,-76.94,5.0,3.35,1.63,0,0,1,P,0,9,0,E
Benedict-MD,8579135,BDPM2,38.51,-76.67,3.39,2.36,1.17,0,0,1,S,8574680,9,0,E
Wells-ME,8419317,WELM1,43.32,-70.56,26.43,24.33,19.54,14.77,1,1,P,0,9,0,E
Portland-ME,8418150,CASM1,43.66,-70.25,20.5,18.46,13.49,8.55,1,1,P,0,9,0,E
Bar-Harbor-Frenchman-Bay-ME,8413320,ATGM1,44.39,-68.2,17.16,14.84,9.14,3.47,1,1,P,0,9,0,E
Eastport-ME,8410140,PSBM1,44.9,-66.98,27.75,24.07,14.5,4.8,1,1,P,0,9,0,E
Cutler-Farris-Wharf-ME,8411060,CFWM1,44.63,-67.27,22.79,20.03,12.67,5.48,1,1,P,0,9,0,E
Augusta-ME,est7134,ASTM1,44.32,-69.77,29.43,28.24,24.91,21.72,1,1,P,0,9,0,E
Gardiner-ME,8417134,GIRM1,44.23,-69.77,29.43,28.24,24.91,21.72,0,1,P,0,9,0,E
Deer-Isle-ME,est0011,DCWM1,44.28,-68.68,12.44,10.65,5.42,0,0,1,P,0,9,0,E
Castine-ME,8414672,MMAM1,44.39,-68.80,13.25,11.06,5.59,0,0,1,S,8413320,9,0,E
Roque-Bluffs-ME,8411696,ROQM1,44.61,-67.50,15.14,12.71,6.39,0,0,1,S,8410140,9,0,E
Machias-ME,est0012,MCSM1,44.72,-67.45,15.36,13.27,6.79,0,0,1,P,0,9,0,E
Milbridge-ME,8412581,MIGM1,44.54,-67.88,18,12.12,6.08,0,0,1,P,0,9,0,E
Calais-ME,8410834,PETM1,45.13,-67.15,30,20.52,10.27,0,0,1,P,0,9,0,E
Camp-Ellis-Saco-ME,8418606,CPEM1,43.46,-70.38,15.0,9.68,4.82,0,1,1,P,0,9,0,E
Bath-ME,8417227,BAHM1,43.93,-69.83,12.0,7.42,3.72,0,0,1,P,0,9,0,E
Rockland-ME,8415490,RKLM1,44.11,-69.10,16.0,10.57,5.33,0,0,1,P,0,9,0,E
Wiscasset-ME,8416921,WISM1,44.00,-69.67,15.0,10.23,5.06,0,0,1,P,0,9,0,E
Portland-Head-Light-ME,8418031,PTHM1,43.62,-70.21,14.0,9.66,4.81,0,0,1,S,8418150,9,0,E
Cape-Neddick-ME,8419399,CDDM1,43.17,-70.59,14.0,9.46,4.71,0,0,1,S,8418150,9,0,E
Fort-Point-ME,8414721,STKM1,44.47,-68.81,16.0,11.15,5.61,0,0,1,P,0,9,0,E
Island-ME,8419870,SEVM1,43.08,-70.74,10.52,8.84,4.43,0,0,1,P,0,9,0,E
Kennebunkport-ME,8418911,KBTM1,43.36,-70.48,11.52,9.60,4.81,0,0,1,P,0,9,0,E
Biddeford-ME,8418828,BIDM1,43.49,-70.45,11.52,9.83,4.98,0,0,1,P,0,9,0,E
Pine-Point-ME,8418445,PPTM1,43.54,-70.33,11.52,9.52,4.76,0,0,1,P,0,9,0,E
Hunniwell-point-ME,8417177,HUNM1,43.76,-69.79,11.32,9.24,4.59,0,0,1,P,0,9,0,E
Walpole-ME,8416731,WAPM1,43.94,-69.58,12.32,10.15,5.05,0,0,1,P,0,9,0,E
Thomaston-ME,8415709,THOM1,44.07,-69.18,11.52,9.85,4.95,0,0,1,P,0,9,0,E
Pulpit-Harbor-ME,8414888,PULM1,44.16,-68.89,13.06,10.64,5.36,0,0,1,P,0,9,0,E
Grand-Bay-NERR-Mississippi-Sound-MS,8740166,GBRM6,30.41,-88.4,17,15.69,14.87,14.1,0,1,P,0,9,0,G
Waveland-MS,8747437,WYCM6,30.32,-89.33,5.07,4.18,3.31,2.41,1,1,P,0,9,0,G
Dock-E-MS,8741041,ULAM6,30.35,-88.5,24.06,23.18,22.39,21.63,0,1,P,0,9,0,G
Pascagoula-Noaa-Lab-MS,8741533,PNLM6,30.37,-88.56,24.27,23.42,22.64,21.89,1,1,P,0,9,0,G
Wilmington-NC,8658120,WLON7,34.23,-77.95,8.1,7.13,4.89,2.45,1,1,P,0,9,0,E
Wrightsville-Beach-NC,8658163,JMPN7,34.21,-77.8,24.88,23.31,20.98,18.83,1,1,P,0,9,0,E
Beaufort-Duke-NC,8656483,BFTN7,34.72,-76.67,6.35,5.38,3.55,1.84,1,1,P,0,9,0,E
Oregon-Inlet-Marina-NC,8652587,ORIN7,35.8,-75.55,4.27,3.77,3.17,2.59,1,1,P,0,9,0,E
Cape-Hatteras-NC,8654400,ZZZZZ,35.22,-75.64,7.83,6.62,4.77,3.15,0,1,P,0,9,0,E
Duck-Pier-NC,8651370,DUKN7,36.18,-75.75,23.52,22.27,20.35,18.58,1,1,P,0,9,0,E
Morehead-City-NC,8656502,ZZZZZ,34.72,-76.73,8,6.12,4.35,2.63,0,1,S,8654400,9,0,E
Holden-Beach-NC,est0017,HOLN7,33.91,-78.3,6.45,4,2,0,0,1,P,0,9,0,E
Uscg-Station-Hatteras-NC,8654467,HCGN7,35.21,-75.7,28.06,28.08,27.77,27.47,1,1,P,0,9,0,E
Southport-NC,8659084,STHN7,33.92,-78.02,16.54,15.4,12.99,10.67,0,1,P,0,9,0,E
Sunset-Beach-NC,8659897,SNSN7,33.87,-78.51,12.75,11.02,8.16,5.49,0,1,P,0,9,0,E
Ocracoke-NC,8654792,OCAN7,35.12,-75.99,1.44,1.17,0.52,0,1,1,P,0,9,0,E
Oriental-NC,est0013,ORLN7,35.02,-76.69,0.54,0.39,0.17,0,0,1,P,0,9,0,E
Cedar-Island-NC,est0014,CTIN7,35.02,-76.31,0.28,0.18,0.07,0,0,1,P,0,9,0,E
Westover-NC,est0015,WESN7,35.92,-76.72,0.35,0.25,0.13,0,1,1,P,0,9,0,E
Columbia-NC,est0016,COLN7,35.92,-76.25,0.21,0.12,0.06,0,1,1,P,0,9,0,E
Belhaven-NC,est0018,BLHN7,35.54,-76.62,0.64,0.49,0.23,0,1,1,P,0,9,0,E
New-Bern-NC,est0019,BERN7,35.10,-77.04,0.81,0.65,0.3,0,0,1,P,0,9,0,E
Washington-NC,est0020,PAMN7,35.54,-77.06,1.0,0.83,0.39,0,1,1,P,0,9,0,E
Jacksonville-NC,est0021,JCKN7,34.75,-77.43,1.04,0.64,0.28,0,0,1,P,0,9,0,E
Wanchese-NC,8652437,WCHN7,35.85,-75.66,0.9,0.6,0.31,0,0,1,P,0,9,0,E
Rodanthe-NC,8653215,ROFN7,35.60,-75.47,1.4,0.98,0.43,0,0,1,S,8652587,9,0,E
North-Topsail-Beach-NC,8657419,NTSN7,34.45,-77.49,6.0,4.67,2.26,0,0,1,S,8654400,9,0,E
South-Alligator-River-NC,est0022,ALLN7,35.65,-76.04,0.14,0.06,0.03,0,0,1,P,0,9,0,E
Swanquarter-NC,est0023,SWAN7,35.39,-76.33,0.47,0.33,0.15,0,0,1,P,0,9,0,E
Engelhard-NC,est0024,EGLN7,35.51,-75.99,0.77,0.61,0.29,0,0,1,P,0,9,0,E
Bogue-Inlet-NC,est0025,BOGN7,34.65,-77.10,5.04,3.96,1.84,0,0,1,P,0,9,0,E
Portsmouth-(Fort-Point)-NH,8423898,FTPN3,43.07,-70.71,14.22,12.1,7.4,2.71,0,1,P,0,9,0,E
Hampton-NH,8429489,HPMN3,42.90,-70.82,10.88,9.01,4.51,0,0,1,S,8418150,9,0,E
Tacony-palmyra-Bridge-NJ,8538886,TPBN4,40.01,-75.04,25.77,24.52,21.01,17.37,0,1,P,0,9,0,E
Ship-John-Shoal-NJ,8537121,SJSN4,39.31,-75.38,26.2,24.62,21.45,18.39,1,1,P,0,9,0,E
Cape-May-NJ,8536110,CMAN4,38.97,-74.96,9.13,7.87,4.99,2.42,1,1,P,0,9,0,E
Sandy-Hook-NJ,8531680,SDHN4,40.47,-74.01,9.11,7.74,5.09,2.51,1,1,P,0,9,0,E
Burlington-NJ,8539094,BDRN4,40.08,-74.87,26.3,24.69,20.83,16.83,1,1,P,0,9,0,E
Atlantic-City-NJ,8534720,ACYN4,39.35,-74.42,10.79,9.56,7.17,4.96,1,1,P,0,9,0,E
Atlantic-City-NJ,est4836,ALCN4,39.35,-74.46,8,6.38,4.08,2.05,1,1,P,0,9,0,E
Absecon-NJ,8534540,ASCN4,39.42,-74.5,8,6.58,4.41,2.19,1,1,S,8534720,9,0,E
ATLANTIC-CITY-MARINA-NJ,8534638,ATLN4,39.38,-74.42,5.87,4.69,2.32,0,1,1,S,8534720,9,0,E
Avalon-NJ,8535419,AVLN4,39.11,-74.73,10,8.79,6.4,4.18,1,1,S,8534720,9,0,E
Barnegat-Light-NJ,8533615,BGLN4,39.76,-74.11,7,6.01,4.66,3.5,1,1,P,0,9,0,E
Belmar-NJ,8532337,BLMN4,40.18,-74.02,6.18,4.88,2.36,0,1,1,S,8531680,9,0,E
Seaside-Heights-NJ,est0006,BSRN4,39.94,-74.08,1.29,0.91,0.43,0,0,1,P,0,9,0,E
Bivalve-NJ,8536889,BVVN4,39.23,-75.03,7.77,6.24,2.93,0,1,1,S,8557380,9,0,E
CAPE-MAY-HARBOR-NJ,8535901,CAPN4,38.95,-74.89,6.23,4.87,2.27,0,1,1,S,8534720,9,0,E
Greenwich-NJ,8537374,GRWN4,39.38,-75.35,6.6,5.65,2.73,0,1,1,S,8551910,9,0,E
KEANSBURG-NJ,8531592,KSBN4,40.45,-74.15,6.44,5.09,2.46,0,1,1,S,8531680,9,0,E
Manasquan-NJ,8632591,MSNN4,40.11,-74.04,5.38,4.29,2.0,0,1,1,P,0,9,0,E
Mantaloking-NJ,8532786,MTLN4,40.04,-74.05,0.46,0.36,0.18,0,1,1,S,8531680,9,0,E
Newark-NJ,8530743,NWKN4,40.71,-74.12,9,6.55,3.71,0.81,1,1,S,8518750,9,0,E
Ocean-City-NJ,8534975,ONCN4,39.25,-74.63,5.27,4.20,2.06,0,1,1,S,8534720,9,0,E
HACKENSACK-RIVER-NJ,8530278,HACN4,40.88,-74.04,10.0,6.63,3.57,0,0,1,S,8518750,9,0,E
South-Amboy-NJ,est0007,SABN4,40.49,-74.28,6.23,5.0,2.38,0,0,1,P,0,9,0,E
Sea-Bright-NJ,8531804,SBIN4,40.37,-73.97,8,6.43,4.4,2.51,1,1,S,8531680,9,0,E
Ship-Bottom-NJ,8533935,SBTN4,39.65,-74.19,4,3.25,2.38,1.73,1,1,S,8531680,9,0,E
S-Dennis-NJ,est0008,SDNN4,39.16,-74.83,7.08,5.89,2.83,0,0,1,P,0,9,0,E
Stone-Harbor-NJ,8535581,SHBN4,39.06,-74.77,6.03,4.69,2.17,0,1,1,S,8534720,9,0,E
Sea-Isle-City-NJ,8535221,SICN4,39.16,-74.7,7,4.57,2.25,0.09,1,1,S,8534720,9,0,E
Tuckerton-NJ,8534319,TKTN4,39.51,-74.33,2.24,1.5,-0.28,-1.83,1,1,P,0,9,0,E
Waretown-NJ,8533541,WATN4,39.79,-74.18,0.46,0.36,0.17,0,0,1,S,8531680,9,0,E
Coates-Point-NJ,8533055,BASN4,39.95,-74.11,0.52,0.41,0.20,0,1,1,S,8531680,9,0,E
Longport-Risely-Channel-NJ,8534836,MGTN4,39.31,-74.53,8,6.38,4.08,2.05,1,1,P,0,9,0,E
S-Amboy-Raritan-River-NJ,8531232,PABN4,40.50,-74.26,9,6.63,3.81,0.98,1,1,S,8531680,9,0,E
Absecon-Creek-NJ,est4540,ABSN4,39.42,-74.5,8.5,6.58,4.41,2.19,0,1,S,8534720,9,0,E
Bergen-Point-NY,8519483,BGNN6,40.64,-74.15,11.19,9.75,7.01,4.24,1,1,P,0,9,0,E
Montauk-Point-NY,8510560,MTKN6,41.05,-71.96,7.4,6.39,5.1,3.86,1,1,P,0,9,0,E
Willets-Point-NY,8516990,ZZZZZ,40.79,-73.78,14.62,12.94,9.03,5.15,0,1,P,0,9,0,E
The-Battery-NY,8518750,BATN6,40.7,-74.02,9.64,8.34,5.86,3.29,1,1,P,0,9,0,E
Port-Jefferson-NY,8514560,ZZZZZ,40.95,-73.08,12.18,10.96,7.33,3.81,0,1,S,8467150,9,0,E
Kings-Point-NY,8516945,KPTN6,40.81,-73.78,22.54,20.68,16.77,12.88,1,1,P,0,9,0,E
Hudson-Bay-at-Freeport-NY,8516411,FRPN6,40.63,-73.58,5,3.48,1.16,-1.01,1,1,S,8531680,9,0,E
Great-South-Bay-at-Lindenhurst-NY,est0009,LNDN6,40.67,-73.36,0,1.99,1.23,0.49,1,1,P,0,9,0,E
Reynolds-Channel-at-Point-Lookout-NY,8516402,REYN6,40.59,-73.58,29.61,28.49,26.07,23.83,1,1,P,0,9,0,E
E-Rockaway-Inlet-at-Atlantic-Beach-NY,8516881,RKWN6,40.59,-73.74,25.42,24.21,21.68,19.31,1,1,P,0,9,0,E
Jamaica-Bay-at-Inwood-NY,8516925,IWDN6,40.62,-73.76,6,3.87,0.87,-2.03,1,1,S,8531680,9,0,E
Rockaway-Inlet-Floyd-Bennet-Field-NY,8517394,RWYN6,40.57,-73.89,6,3.74,0.87,-1.85,1,1,S,8531680,9,0,E
West-Pond-at-Glen-Cove-NY,8516614,WESN6,40.89,-73.64,14,10.04,6.05,2.17,1,1,P,0,9,0,E
Hudson-River-at-Piermont-NY,8518919,PMTN6,41.04,-73.9,-2,-4.46,-6.43,-8.43,1,1,S,8518750,9,0,E
Orient-Harbor-at-Orient-NY,8511671,ORIN6,41.14,-72.31,29,27.81,26.29,24.77,1,1,P,0,9,0,E
Peconic-River-at-Riverhead-NY,est0010,PRIN6,40.92,-72.64,4,2.17,0.5,-1.16,1,1,P,0,9,0,E
Flax-Pond-at-Old-Field-NY,8514594,FLXN6,40.96,-73.14,8.58,7.07,3.49,0,0,1,S,8467150,9,0,E
S-Jamesport-NY,8512735,SJAN6,40.94,-72.58,5.3,4.69,2.98,1.38,0,1,P,0,9,0,E
Moriches-MorichesBay-NY,8513388,MOBN6,40.79,-72.75,4.67,4.24,2.94,1.74,1,1,P,0,9,0,E
Patchogue-River-NY,8514322,FIRN6,40.69,-72.99,6.86,5.28,4.56,3.9,1,1,P,0,9,0,E
Babylon-NY,8515421,INDN6,40.67,-73.36,2.5,1.87,1.11,0.38,0,1,S,8531680,9,0,E
West-Sayville-NY,est0026,SAYN6,40.72,-73.09,2.06,1.6,0.72,0,1,1,P,0,9,0,E
Great-Kills-Harbor-NY,est0027,KILN6,40.54,-74.13,6.08,4.87,2.31,0,1,1,P,0,9,0,E
Shinnecock-Bay-NY,8512451,SHIN6,40.85,-72.50,4.11,3.18,1.52,0,1,1,P,0,9,0,E
Hog-Island-Channel-NY,est0028,HOGN6,40.61,-73.66,5.87,4.72,2.23,0,1,1,P,0,9,0,E
East-Creek-Sands-Point-NY,esta614,SADN6,40.87,-73.71,11.0,7.87,3.88,0,0,1,P,0,9,0,E
Mamaroneck-Harbor-NY,8518091,RYBN6,40.96,-73.67,0,7.89,3.90,0,0,1,P,0,9,0,E
Mattictuck-Inlet-NY,8512668,UCKN6,41.02,-72.56,8.0,5.57,2.71,0,0,1,P,0,9,0,E
Main-Beach-E-Hampton-NY,est0029,MAIN6,40.94,-72.19,4.04,3.15,1.44,0,0,1,P,0,9,0,E
Astoria-OR,9439040,ASTO3,46.21,-123.77,12.8,10.84,6.74,2.23,1,1,P,0,9,0,P
Garibaldi-OR,9437540,TLBO3,45.55,-123.92,13.93,12.3,8.48,3.99,1,1,P,0,9,0,P
South-Beach-Yaquina-R.-OR,9435380,SBEO3,44.63,-124.04,15.16,12.91,9.02,4.57,1,1,P,0,9,0,P
Wauna-OR,9439099,WAUO3,46.16,-123.41,10.36,7.99,4.4,1,1,1,P,0,9,0,P
St-Helens-OR,9439201,SHNO3,45.87,-122.8,8.11,5.28,3.54,2.05,1,1,P,0,9,0,P
Charleston-OR,9432780,CHAO3,43.34,-124.32,13.5,11.38,7.84,3.76,1,1,P,0,9,0,P
Port-Orford-OR,9431647,PORO3,42.74,-124.5,32.45,30.38,26.98,23.05,1,1,P,0,9,0,P
Hammond-OR,9439011,ZZZZZ,46.2,-123.94,14,10.86,6.88,2.5,0,1,P,0,9,0,P
230-NM-W-Astoria-OR,ep46404,ZZZZZ,45.86,-128.78,9.1,7.53,4.04,0,0,1,P,0,9,0,P
210-NM-W-Coos-Bay-OR,ep46407,ZZZZZ,42.6,-128.9,7.83,6.45,3.48,0,0,1,P,0,9,0,P
Depoe-Bay-OR,9435827,ZZZZZ,44.81,-124.06,10.63,8.24,4.42,0,0,1,P,0,9,0,P
Waldport-OR,9434939,ZZZZZ,44.44,-124.06,9.35,7.59,4.09,0,0,1,P,0,9,0,P
Cascade-Head-OR,9436381,ZZZZZ,45.05,-124.01,9.96,7.13,3.6,0,0,1,P,0,9,0,P
Marcus-Hook-PA,8540433,MRCP1,39.81,-75.41,29.25,27.74,24.73,21.6,1,1,P,0,9,0,E
Philadelphia-PA,8545240,PHBP1,39.93,-75.14,11.75,10.51,7.31,3.82,1,1,P,0,9,0,E
Bridesburg-PA,8546252,BDSP1,39.98,-75.08,27.95,26.47,23.09,19.5,1,1,P,0,9,0,E
Newbold-PA,8548989,NBLP1,40.14,-74.75,23.74,22.71,18.65,14.32,1,1,P,0,9,0,E
Conimicut-Light-RI,8452944,CPTR1,41.72,-71.34,24.61,23.12,20.64,18.54,1,1,P,0,9,0,E
Newport-RI,8452660,NWPR1,41.51,-71.33,7.05,5.74,3.63,1.89,1,1,P,0,9,0,E
Quonset-Point-RI,8454049,QPTR1,41.59,-71.41,28.44,27.13,24.89,23.03,1,1,P,0,9,0,E
Providence-RI,8454000,FOXR1,41.81,-71.4,10.01,8.33,5.75,3.49,1,1,P,0,9,0,E
Block-Island-RI,8459681,ZZZZZ,41.16,-71.61,12.17,11.15,9.57,8.19,0,1,P,0,9,0,E
Watch-Hill-Point-RI,8458694,WHLR1,41.31,-71.86,7,5.46,3.96,2.46,1,1,S,8452660,9,0,E
Oyster-Landing-(N-Inlet-Estuary)-SC,8662245,NITS1,33.35,-79.19,10.19,9.09,6.67,3.99,1,1,P,0,9,0,E
Mytle-Beach-Springmaid-Pier-SC,8661070,MROS1,33.66,-78.92,36.61,34.89,32,29.29,1,1,P,0,9,0,E
Charleston-SC,8665530,CHTS1,32.78,-79.92,10.03,8.53,5.69,2.77,1,1,P,0,9,0,E
N-Santee-Bridge-SC,8662793,NSNS1,33.21,-79.39,5.26,4.22,2.12,0,1,1,S,8665530,9,0,E
S-Island-Winyah-SC,8662549,WYSS1,33.25,-79.27,7.9,6.68,4.56,2.56,1,1,S,8665530,9,0,E
Hagley-Waccamaw-River-SC,8661991,HAGS1,33.44,-79.18,7.44,5.68,3.72,1.84,1,1,S,8665530,9,0,E
Sandy-Island-SC,8661703,WPIS1,33.51,-79.14,7.8,6.93,5.09,3.25,1,1,P,0,9,0,E
Nixon-Crossroads-SC,8660166,NIXS1,33.85,-78.65,7.19,5.49,3.12,0.94,1,1,S,8665530,9,0,E
Pee-Dee-R.-Georgetown-SC,8662931,PDGS1,33.37,-79.27,4.77,3.97,1.99,0,0,1,P,0,9,0,E
McClellanville-SC,8662799,SSNS1,33.15,-79.35,5.97,4.67,2.16,0,1,1,S,8665530,9,0,E
Beaufort-SC,8667999,ZZZZZ,32.43,-80.67,12.0,7.98,4.32,0,0,1,P,0,9,0,E
Edisto-Beach-SC,8667425,ACFS1,32.53,-80.36,8.15,6.43,2.96,0,1,1,S,8670870,9,0,E
Sabine-Pass-TX,8770570,SBPT2,29.73,-93.87,5.71,5.05,4.41,3.44,1,1,P,0,9,0,G
Nueces-Bay-TX,8775244,NUET2,27.83,-97.48,25.63,25.03,24.72,24.36,1,1,P,0,9,0,G
Port-Ingleside-TX,8775283,NGLT2,27.82,-97.2,3.94,3.4,3.14,2.81,0,1,P,0,9,0,G
Port-Arthur-TX,8770475,PORT2,29.87,-93.93,6.21,5.69,5.25,4.65,1,1,P,0,9,0,G
Morgans-Point-TX,8770613,MGPT2,29.68,-94.98,7.27,6.53,5.93,5.22,1,1,P,0,9,0,G
Realitos-Peninsula-TX,8779280,RLIT2,26.26,-97.28,16.69,16.18,15.93,15.62,0,1,P,0,9,0,G
Rockport-TX,8774770,RCPT2,28.02,-97.05,7.31,6.82,6.64,6.45,1,1,P,0,9,0,G
Port-Aransas-TX,8775237,RTAT2,27.84,-97.07,6.29,5.63,5.25,4.6,1,1,P,0,9,0,G
Aransas-Aransas-Pass-TX,8775241,ANPT2,27.84,-97.04,24.17,23.5,22.96,22.14,1,1,P,0,9,0,G
Galveston-Pier-21-TX,8771450,GTOT2,29.31,-94.79,6.52,5.79,5.21,4.38,1,1,P,0,9,0,G
Texas-Point-TX,8770822,TXPT2,29.69,-93.84,6.07,5.12,4.35,3.19,1,1,P,0,9,0,G
Port-Aransas-TX,8775270,ZZZZZ,27.83,-97.05,7.25,5.83,5.12,4.2,0,1,P,0,9,0,G
South-Padre-Island-CG-Station-tx,8779748,PCGT2,26.07,-97.17,5.59,4.97,4.43,3.65,1,1,P,0,9,0,G
SPI-Brazos-Santiago-TX,8779749,BZST2,26.07,-97.15,26.53,25.72,25.12,24.25,1,1,P,0,9,0,G
Padre-Island-TX,8779750,ZZZZZ,26.07,-97.16,4.34,3.38,2.78,1.9,0,1,P,0,9,0,G
Uss-Lexington-TX,8775296,TAQT2,27.81,-97.39,5.8,5.21,4.96,4.62,1,1,P,0,9,0,G
San-Luis-Pass-TX,8771972,LUIT2,29.09,-95.11,6.13,5.39,4.91,4.24,1,1,P,0,9,0,G
Bob-Hall-Pier-TX,8775870,MQTT2,27.58,-97.22,23.45,22.47,21.77,20.84,1,1,P,0,9,0,G
Freeport-TX,8772447,FCGT2,28.93,-95.3,30.19,29.45,28.62,27.65,1,1,P,0,9,0,G
Manchester-TX,8770777,NCHT2,29.73,-95.27,7.85,7.14,6.4,5.52,1,1,P,0,9,0,G
Matagorda-City-TX,8773146,EMAT2,28.71,-95.91,31.4,31.28,31.11,30.86,1,1,P,0,9,0,G
Port-Lavaca-TX,8773259,VCAT2,28.64,-96.61,4.32,3.97,3.55,3.05,1,1,P,0,9,0,G
Port-O'Connor-TX,8773701,PCNT2,28.45,-96.4,13.02,12.08,11.74,11.34,1,1,P,0,9,0,G
Matagorda-Bay-Entrance-Channel-TX,8773767,MBET2,28.43,-96.33,27.07,26.62,26.12,25.39,1,1,P,0,9,0,G
Packery-Channel-TX,8775792,PACT2,27.63,-97.24,3.76,3.31,3.13,2.94,1,1,P,0,9,0,G
Aransas-Wildlife-Refuge-TX,8774230,AWRT2,28.23,-96.8,29.92,29.41,29.22,29.07,1,1,P,0,9,0,G
Lynchburg-Landing-TX,8770733,ZZZZZ,29.77,-95.08,6.63,6.05,5.37,4.56,0,1,P,0,9,0,G
Sargent-TX,8772985,SGNT2,28.77,-95.62,32.35,31.82,31.57,31.24,1,1,P,0,9,0,G
Seadrift-TX,8773037,SDRT2,28.41,-96.71,1.69,1.6,1.42,1.22,1,1,P,0,9,0,G
Eagle-Point-TX,8771013,EPTT2,29.48,-94.92,6.17,5.32,4.81,4.22,1,1,P,0,9,0,G
Rainbow-Bridge-TX,8770520,RBBT2,29.98,-93.88,5.32,4.96,4.48,3.9,1,1,P,0,9,0,G
High-Island-TX,8770808,HIST2,29.59,-94.39,15.04,14.73,14.1,13.32,1,1,P,0,9,0,G
Port-Isabel-TX,8779770,PTIT2,26.06,-97.22,6.04,5.23,4.67,3.86,1,1,P,0,9,0,G
Galveston-Bay-Entrance-TX,8771341,GNJT2,29.36,-94.72,11.56,10.78,10.08,9.11,1,1,P,0,9,0,G
Galveston-Pleasure-Pier-TX,8771510,ZZZZZ,29.29,-94.79,6.47,5.54,4.61,3.5,0,1,P,0,9,0,G
Galveston-Railroad-Bridge-TX,8771486,GRRT2,29.3,-94.9,21.16,20.8,20.28,19.54,1,1,P,0,9,0,G
Rollover-Pass-TX,8770971,RLOT2,29.52,-94.51,5.23,4.78,4.13,3.33,1,1,P,0,9,0,G
Copano-Bay-TX,8774513,CPNT2,28.12,-97.02,6.07,5.64,5.46,5.26,0,1,P,0,9,0,G
Windmill-Point-VA,8636580,WNDV2,37.62,-76.29,2.00,1.39,0.69,0.0,1,1,P,0,9,0,E
Sewells-Point-VA,8638610,SWPV2,36.95,-76.33,8.01,7.14,5.74,4.38,1,1,P,0,9,0,E
Portsmouth-(Money-Point)-VA,8639348,MNPV2,36.82,-76.29,25.75,24.82,23.18,21.61,1,1,P,0,9,0,E
Colonial-Beach-VA,8635150,ZZZZZ,38.25,-76.96,5.16,4.58,3.61,2.64,0,1,P,0,9,0,E
Yorktown-USCG-VA,8637689,YKTV2,37.25,-76.5,8.72,7.78,6.44,5.2,1,1,P,0,9,0,E
Kiptopeke-Beach-VA,8632200,KPTV2,37.17,-75.99,7.5,6.57,5.05,3.62,1,1,P,0,9,0,E
Chesapeake-Bay-Br-Tunnel-VA,8638863,CBBV2,36.97,-76.11,29.16,28.18,26.69,25.27,0,1,P,0,9,0,E
CBBT-Chesapeake-Channel-VA,8638901,CHBV2,37.03,-76.08,9,7.31,5.76,4.28,1,1,P,0,9,0,E
Lewisetta-VA,8635750,LWTV2,37.99,-76.47,6.72,6.28,5.53,4.77,1,1,P,0,9,0,E
Wachapreague-VA,8631044,WAHV2,37.61,-75.69,8.02,6.82,4.6,2.31,1,1,P,0,9,0,E
Alexandria-VA,8634214,AXTV2,38.81,-77.04,2.57,1.63,0.12,-1.32,1,1,S,8594900,9,0,E
Dahlgren-VA,8635027,NCDV2,38.32,-77.04,18.57,18.07,17.12,16.18,1,1,P,0,9,0,E
Aquia-Creek-VA,8634858,AQCV2,38.42,-77.35,1.94,1.5,0.75,0,0,1,S,8594900,9,0,E
Quantico-VA,8634689,QTGV2,38.52,-77.29,2.07,1.62,0.86,0,0,1,S,8594900,9,0,E
Old-Point-Comfort-VA,8638288,FTMV2,37,-76.31,3.40,2.52,1.13,0,1,1,S,8638610,9,0,E
Western-Branch-VA,8638339,ELZV2,36.82,-76.4,33,30.36,28.77,27.24,1,1,P,0,9,0,E
Jamestown-VA,8637712,JSFV2,37.22,-76.79,22.99,22.27,21.19,20.12,1,1,P,0,9,0,E
Browns-Bay-VA,8637444,MJBV2,37.32,-76.43,4,2.68,1.29,0,0,1,S,8638610,9,0,E
Saxis-Starling-Creek-VA,8633777,SAXV2,37.92,-75.73,7.5,6.24,4.95,3.7,1,1,P,0,9,0,E
Gaskins-PT-VA,8632869,NSWV2,37.48,-75.94,4.17,3.73,2.69,1.68,1,1,P,0,9,0,E
Holidays-Points-VA,8638409,NMDV2,36.84,-76.55,5.01,3.93,2.03,0,1,1,S,8638610,9,0,E
Wallops-Island-VA,8630440,CHIV2,37.9,-75.41,4.5,2.81,1.34,0,1,1,S,8570280,9,0,E
Rappahannock-Light-VA,8632837,RPLV2,37.54,-76.02,27.67,27.33,26.4,25.46,0,1,P,0,9,0,E
Coles-Neck-VA,8635485,CPMV2,38.14,-76.61,2.17,1.79,0.91,0,0,1,S,8594900,9,0,E
Anheuser-Busch-VA,est0032,CCHV2,37.29,-75.92,7.0,4.83,2.37,0,0,1,P,0,9,0,E
Poquoson-VA,est0033,BKNV2,37.11,-76.39,5.0,2.65,1.35,0,1,1,P,0,9,0,E
Hampton-VA,est0034,HMNV2,37.03,-76.34,5.0,2.9,1.4,0,1,1,P,0,9,0,E
Lynnhaven-Inlet-VA,est0035,LHNV2,36.91,-76.09,4.0,2.57,1.23,0,1,1,P,0,9,0,E
Mount-Vernon-VA,8579629,MVRV2,38.71,-77.06,3.17,2.59,1.28,0,0,1,S,8594900,9,0,E
Leesylvania-Park-VA,est0036,LSPV2,38.59,-77.25,1.81,1.55,0.74,0,0,1,P,0,9,0,E
Tangier-Island-VA,8633532,TANV2,37.83,-75.99,3.0,1.76,0.85,0,0,1,P,0,9,0,E
Friday-Harbor-WA,9449880,FRDW1,48.55,-123.01,13.57,11.61,8.4,3.85,1,1,P,0,9,0,P
Vancouver-WA,9440083,VAPW1,45.63,-122.7,7.7,4.97,3.13,1.78,1,1,P,0,9,0,P
Cape-Disappointment-WA,9440581,CPTW1,46.28,-124.05,62.67,60.33,56.62,52.58,1,1,P,0,9,0,P
Toke-Point-WA,9440910,TOKW1,46.71,-123.97,15.96,13.44,9.3,4.52,1,1,P,0,9,0,P
Westport-WA,9441102,WPTW1,46.9,-124.11,14.34,12.14,7.87,3,1,1,P,0,9,0,P
Neah-Bay-WA,9443090,NEAW1,48.37,-124.62,12.59,9.96,6.32,2,1,1,P,0,9,0,P
Seattle-WA,9447130,EBSW1,47.6,-122.34,21.2,19.3,14.58,7.94,1,1,P,0,9,0,P
Skamokawa-WA,9440569,SKAW1,46.27,-123.45,10.16,7.97,4.21,0.48,1,1,P,0,9,0,P
Port-Angeles-WA,9444090,PTAW1,48.13,-123.44,39.38,37.38,34.56,30.32,1,1,P,0,9,0,P
Cherry-Point-WA,9449424,CHYW1,48.86,-122.76,17.3,15.49,11.62,6.34,1,1,P,0,9,0,P
Longview-WA,9440422,LOPW1,46.1,-122.95,10.06,7.08,4.58,2.53,1,1,P,0,9,0,P
Tacoma-WA,9446484,TCNW1,47.27,-122.41,14.4,12.4,7.46,0.62,1,1,P,0,9,0,P
Port-Townsend-WA,9444900,PTWW1,48.11,-122.75,13.35,11.88,8.36,3.36,1,1,P,0,9,0,P
La-Push-WA,9442396,LAPW1,47.91,-124.64,15.74,13.73,9.79,5.28,1,1,P,0,9,0,P
Yoman-Point-Anderson-Island-WA,9446705,ZZZZZ,47.18,-122.68,16.45,14.62,8.85,1.14,0,1,P,0,9,0,P
Jetty-A-Columbia-River-WA,9440572,ZZZZZ,46.27,-124.07,14,12.6,8.69,4.11,0,1,S,9439040,9,0,P
Armitage-Island-WA,9449932,ZZZZZ,48.53,-122.8,13.47,11.89,8.71,4.05,0,1,P,0,9,0,P
Rosario-WA,9449711,ZZZZZ,48.65,-122.87,2.76,2.20,1.25,0,0,1,P,0,9,0,P
Swinomish-WA,9448682,ZZZZZ,48.46,-122.51,35.54,33.61,29.92,24.88,0,1,P,0,9,0,P
Telegraph-Bay-WA,9449988,ZZZZZ,48.44,-122.81,7.61,6.18,3.68,-0.03,0,1,P,0,9,0,P
Kanaka-Bay-San-Juan-Island-WA,9449856,ZZZZZ,48.48,-123.08,28.19,26.56,23.62,19.23,0,1,P,0,9,0,P
Waldron-Island-WA,9449746,ZZZZZ,48.69,-123.04,31.75,29.86,26.32,21.44,0,1,P,0,9,0,P
Green-Bank-WA,9447883,ZZZZZ,48.1,-122.57,26.14,23.69,18.95,12.34,0,1,P,0,9,0,P
Point-Roberts-WA,9449639,ZZZZZ,48.98,-123.08,28.37,26.27,22.12,16.48,0,1,P,0,9,0,P
Tahola-WA,9441644,ZZZZZ,47.35,-124.29,7.49,5.51,2.53,0,0,1,P,0,9,0,P
Upright-Head-WA,9449911,ZZZZZ,48.57,-122.89,29.93,28.02,24.8,20.18,0,1,P,0,9,0,P
Wauna-WA,9446291,ZZZZZ,47.38,-122.63,24.26,21.7,15.83,8.19,0,1,P,0,9,0,P
Shilshole-Bay-GPS-Buoy-WA,9447214,ZZZZZ,47.67,-122.42,0,0,0,0,0,0,P,0,9,0,P
300-NM-WNW-Seattle-WA,ep46419,ZZZZZ,48.76,-129.62,10.09,8.33,4.44,0,0,1,P,0,9,0,P
